[{"model": "contenttypes.contenttype", "pk": 1, "fields": {"app_label": "auth", "model": "permission"}}, {"model": "contenttypes.contenttype", "pk": 2, "fields": {"app_label": "auth", "model": "user"}}, {"model": "contenttypes.contenttype", "pk": 3, "fields": {"app_label": "auth", "model": "group"}}, {"model": "contenttypes.contenttype", "pk": 4, "fields": {"app_label": "contenttypes", "model": "contenttype"}}, {"model": "contenttypes.contenttype", "pk": 5, "fields": {"app_label": "admin", "model": "logentry"}}, {"model": "contenttypes.contenttype", "pk": 6, "fields": {"app_label": "ispa_app", "model": "member"}}, {"model": "contenttypes.contenttype", "pk": 7, "fields": {"app_label": "wagtailcore", "model": "page"}}, {"model": "contenttypes.contenttype", "pk": 8, "fields": {"app_label": "wagtailadmin", "model": "admin"}}, {"model": "contenttypes.contenttype", "pk": 9, "fields": {"app_label": "wagtaildocs", "model": "document"}}, {"model": "contenttypes.contenttype", "pk": 10, "fields": {"app_label": "wagtailimages", "model": "image"}}, {"model": "contenttypes.contenttype", "pk": 11, "fields": {"app_label": "sessions", "model": "session"}}, {"model": "contenttypes.contenttype", "pk": 12, "fields": {"app_label": "sites", "model": "site"}}, {"model": "contenttypes.contenttype", "pk": 13, "fields": {"app_label": "taggit", "model": "tag"}}, {"model": "contenttypes.contenttype", "pk": 14, "fields": {"app_label": "taggit", "model": "taggeditem"}}, {"model": "contenttypes.contenttype", "pk": 15, "fields": {"app_label": "wagtailforms", "model": "formsubmission"}}, {"model": "contenttypes.contenttype", "pk": 16, "fields": {"app_label": "wagtailredirects", "model": "redirect"}}, {"model": "contenttypes.contenttype", "pk": 17, "fields": {"app_label": "wagtailembeds", "model": "embed"}}, {"model": "contenttypes.contenttype", "pk": 18, "fields": {"app_label": "wagtailusers", "model": "userprofile"}}, {"model": "contenttypes.contenttype", "pk": 19, "fields": {"app_label": "wagtailimages", "model": "rendition"}}, {"model": "contenttypes.contenttype", "pk": 20, "fields": {"app_label": "wagtailsearch", "model": "querydailyhits"}}, {"model": "contenttypes.contenttype", "pk": 21, "fields": {"app_label": "wagtailsearch", "model": "query"}}, {"model": "contenttypes.contenttype", "pk": 22, "fields": {"app_label": "wagtailcore", "model": "site"}}, {"model": "contenttypes.contenttype", "pk": 23, "fields": {"app_label": "wagtailcore", "model": "grouppagepermission"}}, {"model": "contenttypes.contenttype", "pk": 24, "fields": {"app_label": "wagtailcore", "model": "pagerevision"}}, {"model": "contenttypes.contenttype", "pk": 25, "fields": {"app_label": "wagtailcore", "model": "collection"}}, {"model": "contenttypes.contenttype", "pk": 26, "fields": {"app_label": "wagtailcore", "model": "groupcollectionpermission"}}, {"model": "contenttypes.contenttype", "pk": 27, "fields": {"app_label": "wagtailcore", "model": "collectionviewrestriction"}}, {"model": "contenttypes.contenttype", "pk": 28, "fields": {"app_label": "wagtailcore", "model": "pageviewrestriction"}}, {"model": "contenttypes.contenttype", "pk": 29, "fields": {"app_label": "events", "model": "eventlocation"}}, {"model": "contenttypes.contenttype", "pk": 30, "fields": {"app_label": "events", "model": "event"}}, {"model": "sessions.session", "pk": "vqmbvqlq4n0wi6x9uimlxqocj4cp46p8", "fields": {"session_data": "ODEwYTFmZGI5NzE3Y2I3NWFmMjg0ZTU4OTFhZTBiNTYzNjExNjNiZDp7Il9hdXRoX3VzZXJfaGFzaCI6ImYzN2Y2MTI3MTFkNWMyMTFkYmEyZmQ0Nzk0MGViZmQ2YmRkZjZkZmMiLCJfYXV0aF91c2VyX2JhY2tlbmQiOiJkamFuZ28uY29udHJpYi5hdXRoLmJhY2tlbmRzLk1vZGVsQmFja2VuZCIsIl9hdXRoX3VzZXJfaWQiOiIxIn0=", "expire_date": "2017-08-15T00:01:03.447Z"}}, {"model": "sites.site", "pk": 1, "fields": {"domain": "example.com", "name": "example.com"}}, {"model": "wagtailcore.site", "pk": 1, "fields": {"hostname": "localhost", "port": 80, "site_name": null, "root_page": 2, "is_default_site": true}}, {"model": "wagtailcore.collection", "pk": 1, "fields": {"path": "0001", "depth": 1, "numchild": 0, "name": "Root"}}, {"model": "events.eventlocation", "pk": 1, "fields": {"address": "1285 West Victoria", "address2": "Apt #1", "city": "Chicago", "state": "IL", "zipcode": "60660"}}, {"model": "events.eventlocation", "pk": 2, "fields": {"address": "1234 Main Street", "address2": "", "city": "Chicago", "state": "Illinois", "zipcode": "60660"}}, {"model": "events.eventlocation", "pk": 3, "fields": {"address": "843 Bryn Mawr", "address2": "Apt 3", "city": "Chicago", "state": "Illinois", "zipcode": "60660"}}, {"model": "events.eventlocation", "pk": 4, "fields": {"address": "5432 broadway", "address2": "", "city": "Pittsburgh", "state": "PA", "zipcode": "98348"}}, {"model": "events.eventlocation", "pk": 5, "fields": {"address": "9033 North Van Nortwick", "address2": "", "city": "Batavia", "state": "IL", "zipcode": "60510"}}, {"model": "auth.permission", "pk": 1, "fields": {"name": "Can add permission", "content_type": 1, "codename": "add_permission"}}, {"model": "auth.permission", "pk": 2, "fields": {"name": "Can change permission", "content_type": 1, "codename": "change_permission"}}, {"model": "auth.permission", "pk": 3, "fields": {"name": "Can delete permission", "content_type": 1, "codename": "delete_permission"}}, {"model": "auth.permission", "pk": 4, "fields": {"name": "Can add user", "content_type": 2, "codename": "add_user"}}, {"model": "auth.permission", "pk": 5, "fields": {"name": "Can change user", "content_type": 2, "codename": "change_user"}}, {"model": "auth.permission", "pk": 6, "fields": {"name": "Can delete user", "content_type": 2, "codename": "delete_user"}}, {"model": "auth.permission", "pk": 7, "fields": {"name": "Can add group", "content_type": 3, "codename": "add_group"}}, {"model": "auth.permission", "pk": 8, "fields": {"name": "Can change group", "content_type": 3, "codename": "change_group"}}, {"model": "auth.permission", "pk": 9, "fields": {"name": "Can delete group", "content_type": 3, "codename": "delete_group"}}, {"model": "auth.permission", "pk": 10, "fields": {"name": "Can add content type", "content_type": 4, "codename": "add_contenttype"}}, {"model": "auth.permission", "pk": 11, "fields": {"name": "Can change content type", "content_type": 4, "codename": "change_contenttype"}}, {"model": "auth.permission", "pk": 12, "fields": {"name": "Can delete content type", "content_type": 4, "codename": "delete_contenttype"}}, {"model": "auth.permission", "pk": 13, "fields": {"name": "Can add log entry", "content_type": 5, "codename": "add_logentry"}}, {"model": "auth.permission", "pk": 14, "fields": {"name": "Can change log entry", "content_type": 5, "codename": "change_logentry"}}, {"model": "auth.permission", "pk": 15, "fields": {"name": "Can delete log entry", "content_type": 5, "codename": "delete_logentry"}}, {"model": "auth.permission", "pk": 16, "fields": {"name": "Can add member", "content_type": 6, "codename": "add_member"}}, {"model": "auth.permission", "pk": 17, "fields": {"name": "Can change member", "content_type": 6, "codename": "change_member"}}, {"model": "auth.permission", "pk": 18, "fields": {"name": "Can delete member", "content_type": 6, "codename": "delete_member"}}, {"model": "auth.permission", "pk": 19, "fields": {"name": "Can access Wagtail admin", "content_type": 8, "codename": "access_admin"}}, {"model": "auth.permission", "pk": 20, "fields": {"name": "Can add document", "content_type": 9, "codename": "add_document"}}, {"model": "auth.permission", "pk": 21, "fields": {"name": "Can change document", "content_type": 9, "codename": "change_document"}}, {"model": "auth.permission", "pk": 22, "fields": {"name": "Can delete document", "content_type": 9, "codename": "delete_document"}}, {"model": "auth.permission", "pk": 23, "fields": {"name": "Can add image", "content_type": 10, "codename": "add_image"}}, {"model": "auth.permission", "pk": 24, "fields": {"name": "Can change image", "content_type": 10, "codename": "change_image"}}, {"model": "auth.permission", "pk": 25, "fields": {"name": "Can delete image", "content_type": 10, "codename": "delete_image"}}, {"model": "auth.permission", "pk": 26, "fields": {"name": "Can add session", "content_type": 11, "codename": "add_session"}}, {"model": "auth.permission", "pk": 27, "fields": {"name": "Can change session", "content_type": 11, "codename": "change_session"}}, {"model": "auth.permission", "pk": 28, "fields": {"name": "Can delete session", "content_type": 11, "codename": "delete_session"}}, {"model": "auth.permission", "pk": 29, "fields": {"name": "Can add site", "content_type": 12, "codename": "add_site"}}, {"model": "auth.permission", "pk": 30, "fields": {"name": "Can change site", "content_type": 12, "codename": "change_site"}}, {"model": "auth.permission", "pk": 31, "fields": {"name": "Can delete site", "content_type": 12, "codename": "delete_site"}}, {"model": "auth.permission", "pk": 32, "fields": {"name": "Can add Tag", "content_type": 13, "codename": "add_tag"}}, {"model": "auth.permission", "pk": 33, "fields": {"name": "Can change Tag", "content_type": 13, "codename": "change_tag"}}, {"model": "auth.permission", "pk": 34, "fields": {"name": "Can delete Tag", "content_type": 13, "codename": "delete_tag"}}, {"model": "auth.permission", "pk": 35, "fields": {"name": "Can add Tagged Item", "content_type": 14, "codename": "add_taggeditem"}}, {"model": "auth.permission", "pk": 36, "fields": {"name": "Can change Tagged Item", "content_type": 14, "codename": "change_taggeditem"}}, {"model": "auth.permission", "pk": 37, "fields": {"name": "Can delete Tagged Item", "content_type": 14, "codename": "delete_taggeditem"}}, {"model": "auth.permission", "pk": 38, "fields": {"name": "Can add form submission", "content_type": 15, "codename": "add_formsubmission"}}, {"model": "auth.permission", "pk": 39, "fields": {"name": "Can change form submission", "content_type": 15, "codename": "change_formsubmission"}}, {"model": "auth.permission", "pk": 40, "fields": {"name": "Can delete form submission", "content_type": 15, "codename": "delete_formsubmission"}}, {"model": "auth.permission", "pk": 41, "fields": {"name": "Can add redirect", "content_type": 16, "codename": "add_redirect"}}, {"model": "auth.permission", "pk": 42, "fields": {"name": "Can change redirect", "content_type": 16, "codename": "change_redirect"}}, {"model": "auth.permission", "pk": 43, "fields": {"name": "Can delete redirect", "content_type": 16, "codename": "delete_redirect"}}, {"model": "auth.permission", "pk": 44, "fields": {"name": "Can add embed", "content_type": 17, "codename": "add_embed"}}, {"model": "auth.permission", "pk": 45, "fields": {"name": "Can change embed", "content_type": 17, "codename": "change_embed"}}, {"model": "auth.permission", "pk": 46, "fields": {"name": "Can delete embed", "content_type": 17, "codename": "delete_embed"}}, {"model": "auth.permission", "pk": 47, "fields": {"name": "Can add user profile", "content_type": 18, "codename": "add_userprofile"}}, {"model": "auth.permission", "pk": 48, "fields": {"name": "Can change user profile", "content_type": 18, "codename": "change_userprofile"}}, {"model": "auth.permission", "pk": 49, "fields": {"name": "Can delete user profile", "content_type": 18, "codename": "delete_userprofile"}}, {"model": "auth.permission", "pk": 50, "fields": {"name": "Can add rendition", "content_type": 19, "codename": "add_rendition"}}, {"model": "auth.permission", "pk": 51, "fields": {"name": "Can change rendition", "content_type": 19, "codename": "change_rendition"}}, {"model": "auth.permission", "pk": 52, "fields": {"name": "Can delete rendition", "content_type": 19, "codename": "delete_rendition"}}, {"model": "auth.permission", "pk": 53, "fields": {"name": "Can add Query Daily Hits", "content_type": 20, "codename": "add_querydailyhits"}}, {"model": "auth.permission", "pk": 54, "fields": {"name": "Can change Query Daily Hits", "content_type": 20, "codename": "change_querydailyhits"}}, {"model": "auth.permission", "pk": 55, "fields": {"name": "Can delete Query Daily Hits", "content_type": 20, "codename": "delete_querydailyhits"}}, {"model": "auth.permission", "pk": 56, "fields": {"name": "Can add query", "content_type": 21, "codename": "add_query"}}, {"model": "auth.permission", "pk": 57, "fields": {"name": "Can change query", "content_type": 21, "codename": "change_query"}}, {"model": "auth.permission", "pk": 58, "fields": {"name": "Can delete query", "content_type": 21, "codename": "delete_query"}}, {"model": "auth.permission", "pk": 59, "fields": {"name": "Can add site", "content_type": 22, "codename": "add_site"}}, {"model": "auth.permission", "pk": 60, "fields": {"name": "Can change site", "content_type": 22, "codename": "change_site"}}, {"model": "auth.permission", "pk": 61, "fields": {"name": "Can delete site", "content_type": 22, "codename": "delete_site"}}, {"model": "auth.permission", "pk": 62, "fields": {"name": "Can add group page permission", "content_type": 23, "codename": "add_grouppagepermission"}}, {"model": "auth.permission", "pk": 63, "fields": {"name": "Can change group page permission", "content_type": 23, "codename": "change_grouppagepermission"}}, {"model": "auth.permission", "pk": 64, "fields": {"name": "Can delete group page permission", "content_type": 23, "codename": "delete_grouppagepermission"}}, {"model": "auth.permission", "pk": 65, "fields": {"name": "Can add page revision", "content_type": 24, "codename": "add_pagerevision"}}, {"model": "auth.permission", "pk": 66, "fields": {"name": "Can change page revision", "content_type": 24, "codename": "change_pagerevision"}}, {"model": "auth.permission", "pk": 67, "fields": {"name": "Can delete page revision", "content_type": 24, "codename": "delete_pagerevision"}}, {"model": "auth.permission", "pk": 68, "fields": {"name": "Can add collection", "content_type": 25, "codename": "add_collection"}}, {"model": "auth.permission", "pk": 69, "fields": {"name": "Can change collection", "content_type": 25, "codename": "change_collection"}}, {"model": "auth.permission", "pk": 70, "fields": {"name": "Can delete collection", "content_type": 25, "codename": "delete_collection"}}, {"model": "auth.permission", "pk": 71, "fields": {"name": "Can add page", "content_type": 7, "codename": "add_page"}}, {"model": "auth.permission", "pk": 72, "fields": {"name": "Can change page", "content_type": 7, "codename": "change_page"}}, {"model": "auth.permission", "pk": 73, "fields": {"name": "Can delete page", "content_type": 7, "codename": "delete_page"}}, {"model": "auth.permission", "pk": 74, "fields": {"name": "Can add group collection permission", "content_type": 26, "codename": "add_groupcollectionpermission"}}, {"model": "auth.permission", "pk": 75, "fields": {"name": "Can change group collection permission", "content_type": 26, "codename": "change_groupcollectionpermission"}}, {"model": "auth.permission", "pk": 76, "fields": {"name": "Can delete group collection permission", "content_type": 26, "codename": "delete_groupcollectionpermission"}}, {"model": "auth.permission", "pk": 77, "fields": {"name": "Can add collection view restriction", "content_type": 27, "codename": "add_collectionviewrestriction"}}, {"model": "auth.permission", "pk": 78, "fields": {"name": "Can change collection view restriction", "content_type": 27, "codename": "change_collectionviewrestriction"}}, {"model": "auth.permission", "pk": 79, "fields": {"name": "Can delete collection view restriction", "content_type": 27, "codename": "delete_collectionviewrestriction"}}, {"model": "auth.permission", "pk": 80, "fields": {"name": "Can add page view restriction", "content_type": 28, "codename": "add_pageviewrestriction"}}, {"model": "auth.permission", "pk": 81, "fields": {"name": "Can change page view restriction", "content_type": 28, "codename": "change_pageviewrestriction"}}, {"model": "auth.permission", "pk": 82, "fields": {"name": "Can delete page view restriction", "content_type": 28, "codename": "delete_pageviewrestriction"}}, {"model": "auth.permission", "pk": 83, "fields": {"name": "Can add event location", "content_type": 29, "codename": "add_eventlocation"}}, {"model": "auth.permission", "pk": 84, "fields": {"name": "Can change event location", "content_type": 29, "codename": "change_eventlocation"}}, {"model": "auth.permission", "pk": 85, "fields": {"name": "Can delete event location", "content_type": 29, "codename": "delete_eventlocation"}}, {"model": "auth.permission", "pk": 86, "fields": {"name": "Can add event", "content_type": 30, "codename": "add_event"}}, {"model": "auth.permission", "pk": 87, "fields": {"name": "Can change event", "content_type": 30, "codename": "change_event"}}, {"model": "auth.permission", "pk": 88, "fields": {"name": "Can delete event", "content_type": 30, "codename": "delete_event"}}, {"model": "auth.group", "pk": 1, "fields": {"name": "Moderators", "permissions": [19, 20, 21, 22, 23, 24, 25]}}, {"model": "auth.group", "pk": 2, "fields": {"name": "Editors", "permissions": [19, 20, 21, 22, 23, 24, 25]}}, {"model": "auth.user", "pk": 1, "fields": {"password": "argon2$argon2i$v=19$m=512,t=2,p=2$NVZJTnlYczNLWENl$rHOWnzlgMblk7x/IasLinw", "last_login": "2017-08-01T00:01:03.436Z", "is_superuser": true, "username": "alec", "first_name": "", "last_name": "", "email": "", "is_staff": true, "is_active": true, "date_joined": "2017-08-01T00:00:47.244Z", "groups": [], "user_permissions": []}}, {"model": "auth.user", "pk": 5, "fields": {"password": "argon2$argon2i$v=19$m=512,t=2,p=2$UGl6RXFFd3NBeXpG$KuHYu/XNtm+lsFRGAYZubg", "last_login": null, "is_superuser": false, "username": "freddy", "first_name": "", "last_name": "", "email": "", "is_staff": false, "is_active": true, "date_joined": "2017-08-01T00:01:47.476Z", "groups": [], "user_permissions": []}}, {"model": "auth.user", "pk": 6, "fields": {"password": "argon2$argon2i$v=19$m=512,t=2,p=2$ek5abGNsR0U5V1dY$MVxpa6F55MZydZAR7ibTxg", "last_login": null, "is_superuser": false, "username": "griffin", "first_name": "", "last_name": "", "email": "", "is_staff": false, "is_active": true, "date_joined": "2017-08-01T00:37:22.532Z", "groups": [], "user_permissions": []}}, {"model": "auth.user", "pk": 7, "fields": {"password": "argon2$argon2i$v=19$m=512,t=2,p=2$YmVEcUhTQ0I4NWRP$k4kvnyppAehOwzYAMrme5A", "last_login": null, "is_superuser": false, "username": "emily", "first_name": "", "last_name": "", "email": "", "is_staff": false, "is_active": true, "date_joined": "2017-08-01T00:37:38.509Z", "groups": [], "user_permissions": []}}, {"model": "auth.user", "pk": 8, "fields": {"password": "argon2$argon2i$v=19$m=512,t=2,p=2$eXMwU2ZrV2Rxb1Ja$s1hECauhzcevyOn+jbZW/w", "last_login": null, "is_superuser": false, "username": "martha", "first_name": "", "last_name": "", "email": "", "is_staff": false, "is_active": true, "date_joined": "2017-08-01T00:37:47.704Z", "groups": [], "user_permissions": []}}, {"model": "auth.user", "pk": 9, "fields": {"password": "argon2$argon2i$v=19$m=512,t=2,p=2$OGhuZHVEMHZhUHpS$dPv38khuYkCC/rS2qCpaRg", "last_login": null, "is_superuser": false, "username": "michelle", "first_name": "", "last_name": "", "email": "", "is_staff": false, "is_active": true, "date_joined": "2017-08-01T00:38:08.421Z", "groups": [], "user_permissions": []}}, {"model": "auth.user", "pk": 10, "fields": {"password": "argon2$argon2i$v=19$m=512,t=2,p=2$cWVFNUJEWFl3UVpG$P/hWCEY/8uIgPOw0OCGSVQ", "last_login": null, "is_superuser": false, "username": "chris", "first_name": "", "last_name": "", "email": "", "is_staff": false, "is_active": true, "date_joined": "2017-08-01T00:38:16.861Z", "groups": [], "user_permissions": []}}, {"model": "auth.user", "pk": 11, "fields": {"password": "argon2$argon2i$v=19$m=512,t=2,p=2$endCbE81U0VaT0Fn$hPyYwTk0r4uOBJRV8lMXIA", "last_login": null, "is_superuser": false, "username": "brad", "first_name": "", "last_name": "", "email": "", "is_staff": false, "is_active": true, "date_joined": "2017-08-01T00:38:24.186Z", "groups": [], "user_permissions": []}}, {"model": "auth.user", "pk": 12, "fields": {"password": "argon2$argon2i$v=19$m=512,t=2,p=2$eVkyN3VIdUVncERK$1qkTnYUbWYb3GSbEyWTw7A", "last_login": null, "is_superuser": false, "username": "connor", "first_name": "", "last_name": "", "email": "", "is_staff": false, "is_active": true, "date_joined": "2017-08-01T00:38:31.939Z", "groups": [], "user_permissions": []}}, {"model": "auth.user", "pk": 13, "fields": {"password": "argon2$argon2i$v=19$m=512,t=2,p=2$MEwzN1oyMmxZelZI$RRjHZz68ZqUb4q5ecHQ17g", "last_login": null, "is_superuser": false, "username": "bryna", "first_name": "", "last_name": "", "email": "", "is_staff": false, "is_active": true, "date_joined": "2017-08-01T00:38:41.737Z", "groups": [], "user_permissions": []}}, {"model": "auth.user", "pk": 14, "fields": {"password": "argon2$argon2i$v=19$m=512,t=2,p=2$OE8zU1NCSmMwTWpL$yRTtF8x/k25k1yHe6PkUqQ", "last_login": null, "is_superuser": false, "username": "julie", "first_name": "", "last_name": "", "email": "", "is_staff": false, "is_active": true, "date_joined": "2017-08-01T00:38:50.704Z", "groups": [], "user_permissions": []}}, {"model": "admin.logentry", "pk": 1, "fields": {"action_time": "2017-08-01T00:01:21.688Z", "user": 1, "content_type": 2, "object_id": "2", "object_repr": "test1", "action_flag": 1, "change_message": "[{\"added\": {}}]"}}, {"model": "admin.logentry", "pk": 2, "fields": {"action_time": "2017-08-01T00:01:29.693Z", "user": 1, "content_type": 2, "object_id": "3", "object_repr": "test2", "action_flag": 1, "change_message": "[{\"added\": {}}]"}}, {"model": "admin.logentry", "pk": 3, "fields": {"action_time": "2017-08-01T00:01:38.357Z", "user": 1, "content_type": 2, "object_id": "4", "object_repr": "test3", "action_flag": 1, "change_message": "[{\"added\": {}}]"}}, {"model": "admin.logentry", "pk": 4, "fields": {"action_time": "2017-08-01T00:01:47.524Z", "user": 1, "content_type": 2, "object_id": "5", "object_repr": "freddy", "action_flag": 1, "change_message": "[{\"added\": {}}]"}}, {"model": "admin.logentry", "pk": 5, "fields": {"action_time": "2017-08-01T00:37:22.572Z", "user": 1, "content_type": 2, "object_id": "6", "object_repr": "griffin", "action_flag": 1, "change_message": "[{\"added\": {}}]"}}, {"model": "admin.logentry", "pk": 6, "fields": {"action_time": "2017-08-01T00:37:38.530Z", "user": 1, "content_type": 2, "object_id": "7", "object_repr": "emily", "action_flag": 1, "change_message": "[{\"added\": {}}]"}}, {"model": "admin.logentry", "pk": 7, "fields": {"action_time": "2017-08-01T00:37:47.730Z", "user": 1, "content_type": 2, "object_id": "8", "object_repr": "martha", "action_flag": 1, "change_message": "[{\"added\": {}}]"}}, {"model": "admin.logentry", "pk": 8, "fields": {"action_time": "2017-08-01T00:38:08.443Z", "user": 1, "content_type": 2, "object_id": "9", "object_repr": "michelle", "action_flag": 1, "change_message": "[{\"added\": {}}]"}}, {"model": "admin.logentry", "pk": 9, "fields": {"action_time": "2017-08-01T00:38:16.879Z", "user": 1, "content_type": 2, "object_id": "10", "object_repr": "chris", "action_flag": 1, "change_message": "[{\"added\": {}}]"}}, {"model": "admin.logentry", "pk": 10, "fields": {"action_time": "2017-08-01T00:38:24.206Z", "user": 1, "content_type": 2, "object_id": "11", "object_repr": "brad", "action_flag": 1, "change_message": "[{\"added\": {}}]"}}, {"model": "admin.logentry", "pk": 11, "fields": {"action_time": "2017-08-01T00:38:31.956Z", "user": 1, "content_type": 2, "object_id": "12", "object_repr": "connor", "action_flag": 1, "change_message": "[{\"added\": {}}]"}}, {"model": "admin.logentry", "pk": 12, "fields": {"action_time": "2017-08-01T00:38:41.758Z", "user": 1, "content_type": 2, "object_id": "13", "object_repr": "bryna", "action_flag": 1, "change_message": "[{\"added\": {}}]"}}, {"model": "admin.logentry", "pk": 13, "fields": {"action_time": "2017-08-01T00:38:50.724Z", "user": 1, "content_type": 2, "object_id": "14", "object_repr": "julie", "action_flag": 1, "change_message": "[{\"added\": {}}]"}}, {"model": "admin.logentry", "pk": 14, "fields": {"action_time": "2017-08-01T00:39:11.077Z", "user": 1, "content_type": 29, "object_id": "2", "object_repr": "EventLocation: 1234 Main Street", "action_flag": 1, "change_message": "[{\"added\": {}}]"}}, {"model": "admin.logentry", "pk": 15, "fields": {"action_time": "2017-08-01T00:39:31.319Z", "user": 1, "content_type": 29, "object_id": "3", "object_repr": "EventLocation: 843 Bryn Mawr", "action_flag": 1, "change_message": "[{\"added\": {}}]"}}, {"model": "admin.logentry", "pk": 16, "fields": {"action_time": "2017-08-01T00:40:12.075Z", "user": 1, "content_type": 29, "object_id": "4", "object_repr": "EventLocation: 5432 broadway", "action_flag": 1, "change_message": "[{\"added\": {}}]"}}, {"model": "admin.logentry", "pk": 17, "fields": {"action_time": "2017-08-01T00:40:46.896Z", "user": 1, "content_type": 29, "object_id": "5", "object_repr": "EventLocation: 9033 North Van Nortwick", "action_flag": 1, "change_message": "[{\"added\": {}}]"}}, {"model": "admin.logentry", "pk": 18, "fields": {"action_time": "2017-08-01T00:41:03.149Z", "user": 1, "content_type": 30, "object_id": "5", "object_repr": "Event: example", "action_flag": 3, "change_message": ""}}, {"model": "admin.logentry", "pk": 19, "fields": {"action_time": "2017-08-01T00:42:12.085Z", "user": 1, "content_type": 30, "object_id": "6", "object_repr": "Event: Fall Semester 2017", "action_flag": 1, "change_message": "[{\"added\": {}}]"}}, {"model": "admin.logentry", "pk": 20, "fields": {"action_time": "2017-08-01T00:43:09.436Z", "user": 1, "content_type": 30, "object_id": "7", "object_repr": "Event: future planning event", "action_flag": 1, "change_message": "[{\"added\": {}}]"}}, {"model": "admin.logentry", "pk": 21, "fields": {"action_time": "2017-08-01T00:43:54.144Z", "user": 1, "content_type": 30, "object_id": "8", "object_repr": "Event: Agenda Meeting", "action_flag": 1, "change_message": "[{\"added\": {}}]"}}, {"model": "admin.logentry", "pk": 22, "fields": {"action_time": "2017-08-01T00:44:20.569Z", "user": 1, "content_type": 2, "object_id": "2", "object_repr": "test1", "action_flag": 3, "change_message": ""}}, {"model": "admin.logentry", "pk": 23, "fields": {"action_time": "2017-08-01T00:44:20.580Z", "user": 1, "content_type": 2, "object_id": "3", "object_repr": "test2", "action_flag": 3, "change_message": ""}}, {"model": "admin.logentry", "pk": 24, "fields": {"action_time": "2017-08-01T00:44:20.590Z", "user": 1, "content_type": 2, "object_id": "4", "object_repr": "test3", "action_flag": 3, "change_message": ""}}, {"model": "wagtailcore.page", "pk": 1, "fields": {"path": "0001", "depth": 1, "numchild": 1, "title": "Root", "slug": "root", "content_type": 7, "live": true, "has_unpublished_changes": false, "url_path": "/", "owner": null, "seo_title": "", "show_in_menus": false, "search_description": "", "go_live_at": null, "expire_at": null, "expired": false, "locked": false, "first_published_at": null, "last_published_at": null, "latest_revision_created_at": null, "live_revision": null}}, {"model": "wagtailcore.page", "pk": 2, "fields": {"path": "00010001", "depth": 2, "numchild": 0, "title": "Welcome to your new Wagtail site!", "slug": "home", "content_type": 7, "live": true, "has_unpublished_changes": false, "url_path": "/home/", "owner": null, "seo_title": "", "show_in_menus": false, "search_description": "", "go_live_at": null, "expire_at": null, "expired": false, "locked": false, "first_published_at": null, "last_published_at": null, "latest_revision_created_at": null, "live_revision": null}}, {"model": "wagtailcore.grouppagepermission", "pk": 1, "fields": {"group": 1, "page": 1, "permission_type": "add"}}, {"model": "wagtailcore.grouppagepermission", "pk": 2, "fields": {"group": 1, "page": 1, "permission_type": "edit"}}, {"model": "wagtailcore.grouppagepermission", "pk": 3, "fields": {"group": 1, "page": 1, "permission_type": "publish"}}, {"model": "wagtailcore.grouppagepermission", "pk": 4, "fields": {"group": 2, "page": 1, "permission_type": "add"}}, {"model": "wagtailcore.grouppagepermission", "pk": 5, "fields": {"group": 2, "page": 1, "permission_type": "edit"}}, {"model": "wagtailcore.grouppagepermission", "pk": 6, "fields": {"group": 1, "page": 1, "permission_type": "lock"}}, {"model": "wagtailcore.groupcollectionpermission", "pk": 1, "fields": {"group": 1, "collection": 1, "permission": 20}}, {"model": "wagtailcore.groupcollectionpermission", "pk": 2, "fields": {"group": 2, "collection": 1, "permission": 20}}, {"model": "wagtailcore.groupcollectionpermission", "pk": 3, "fields": {"group": 1, "collection": 1, "permission": 21}}, {"model": "wagtailcore.groupcollectionpermission", "pk": 4, "fields": {"group": 2, "collection": 1, "permission": 21}}, {"model": "wagtailcore.groupcollectionpermission", "pk": 5, "fields": {"group": 1, "collection": 1, "permission": 23}}, {"model": "wagtailcore.groupcollectionpermission", "pk": 6, "fields": {"group": 2, "collection": 1, "permission": 23}}, {"model": "wagtailcore.groupcollectionpermission", "pk": 7, "fields": {"group": 1, "collection": 1, "permission": 24}}, {"model": "wagtailcore.groupcollectionpermission", "pk": 8, "fields": {"group": 2, "collection": 1, "permission": 24}}, {"model": "events.event", "pk": 1, "fields": {"location": 1, "creator": 1, "date": null, "description": "Victoria bashwoooot", "is_active": true, "name": "Victoria party", "points": 9, "eventtype": "event", "guests": [1]}}, {"model": "events.event", "pk": 6, "fields": {"location": 2, "creator": 10, "date": "2017-08-23T00:41:38Z", "description": "An example event that holds a semester instance", "is_active": true, "name": "Fall Semester 2017", "points": 8, "eventtype": "semester", "guests": []}}, {"model": "events.event", "pk": 7, "fields": {"location": 4, "creator": 9, "date": "2018-09-26T12:00:00Z", "description": "event far in the future", "is_active": true, "name": "future planning event", "points": 3, "eventtype": "event", "guests": []}}, {"model": "events.event", "pk": 8, "fields": {"location": 5, "creator": 12, "date": "2017-09-29T18:00:00Z", "description": "a meeting to discuss our agenda", "is_active": true, "name": "Agenda Meeting", "points": 5, "eventtype": "meeting", "guests": []}}, {"model": "ispa_app.member", "pk": 1, "fields": {"user": 1, "points": 5, "bio": ""}}, {"model": "ispa_app.member", "pk": 4, "fields": {"user": 5, "points": 5, "bio": ""}}, {"model": "ispa_app.member", "pk": 5, "fields": {"user": 6, "points": 43, "bio": ""}}, {"model": "ispa_app.member", "pk": 6, "fields": {"user": 7, "points": 1, "bio": ""}}, {"model": "ispa_app.member", "pk": 7, "fields": {"user": 8, "points": 33, "bio": ""}}, {"model": "ispa_app.member", "pk": 8, "fields": {"user": 9, "points": 12, "bio": ""}}, {"model": "ispa_app.member", "pk": 9, "fields": {"user": 10, "points": 7, "bio": ""}}, {"model": "ispa_app.member", "pk": 10, "fields": {"user": 11, "points": 45, "bio": ""}}, {"model": "ispa_app.member", "pk": 11, "fields": {"user": 12, "points": 15, "bio": ""}}, {"model": "ispa_app.member", "pk": 12, "fields": {"user": 13, "points": 0, "bio": ""}}, {"model": "ispa_app.member", "pk": 13, "fields": {"user": 14, "points": 22, "bio": ""}}]